Datum;Eröffnung;Hoch;Tief;Schluss;Währung;Volumen
01.07.2025;998,580;999,460;970,940;975,560;EUR;0
02.07.2025;974,990;1.001,160;973,910;980,230;EUR;0
03.07.2025;1.001,450;1.001,450;974,030;979,430;EUR;0
04.07.2025;973,310;993,790;972,860;983,900;EUR;0
07.07.2025;988,740;998,360;969,650;975,000;EUR;0
08.07.2025;975,300;1.001,840;973,990;979,780;EUR;0
09.07.2025;978,120;1.005,280;975,990;1.002,890;EUR;0
10.07.2025;984,070;1.010,750;982,920;1.009,240;EUR;0
11.07.2025;986,490;1.006,680;979,730;985,660;EUR;0
14.07.2025;982,680;1.005,430;980,620;1.004,230;EUR;0
15.07.2025;992,990;1.018,060;992,290;997,770;EUR;0
16.07.2025;973,640;995,750;965,620;975,280;EUR;0
17.07.2025;960,270;990,950;958,580;960,830;EUR;0
18.07.2025;966,330;991,500;954,490;959,160;EUR;0
21.07.2025;933,350;977,940;933,350;965,230;EUR;0
22.07.2025;948,980;967,330;947,510;950,020;EUR;0
23.07.2025;937,140;965,430;936,430;954,760;EUR;0
24.07.2025;941,810;971,160;941,810;969,730;EUR;0
25.07.2025;945,210;965,910;936,490;941,990;EUR;0
28.07.2025;958,190;986,060;957,910;979,330;EUR;0
29.07.2025;961,610;982,750;960,270;971,480;EUR;0
30.07.2025;933,310;980,810;933,170;957,530;EUR;0
31.07.2025;964,490;988,280;940,050;942,580;EUR;0
01.08.2025;943,730;964,430;943,220;950,930;EUR;0
04.08.2025;935,980;960,400;935,280;941,340;EUR;0
05.08.2025;941,420;960,220;940,610;953,900;EUR;0
06.08.2025;936,960;955,590;927,740;933,090;EUR;0
07.08.2025;940,550;970,210;940,060;943,210;EUR;0
08.08.2025;947,920;972,610;947,130;954,210;EUR;0
11.08.2025;929,720;979,080;929,540;954,640;EUR;0
12.08.2025;955,600;983,530;954,730;963,510;EUR;0
13.08.2025;964,220;990,630;963,510;970,080;EUR;0
14.08.2025;944,940;990,880;944,430;971,500;EUR;0
15.08.2025;940,180;986,110;939,820;962,710;EUR;0
18.08.2025;937,220;983,930;937,220;964,440;EUR;0
19.08.2025;967,140;989,020;958,540;964,080;EUR;0
20.08.2025;962,740;992,010;956,990;964,580;EUR;0
21.08.2025;961,000;982,200;953,360;958,720;EUR;0
22.08.2025;955,870;989,730;955,870;987,000;EUR;0
25.08.2025;966,070;988,450;962,740;968,100;EUR;0
26.08.2025;968,880;993,220;964,900;971,750;EUR;0
27.08.2025;970,230;994,940;970,010;994,180;EUR;0
28.08.2025;973,820;996,500;965,830;971,320;EUR;0
29.08.2025;948,000;992,530;948,000;959,400;EUR;0
01.09.2025;927,920;978,890;927,850;957,560;EUR;0
02.09.2025;952,280;970,090;949,250;957,080;EUR;0
03.09.2025;954,580;975,170;946,720;953,540;EUR;0
04.09.2025;953,890;986,030;953,350;963,920;EUR;0
05.09.2025;974,390;995,900;966,490;973,080;EUR;0
08.09.2025;948,120;997,850;948,120;992,400;EUR;0
09.09.2025;980,430;1.002,060;980,430;997,190;EUR;0
10.09.2025;961,090;1.006,580;960,550;978,690;EUR;0
11.09.2025;978,560;1.005,360;978,410;984,170;EUR;0
12.09.2025;958,740;1.006,180;958,740;985,480;EUR;0
15.09.2025;1.008,980;1.019,600;991,210;991,210;EUR;0
16.09.2025;1.003,070;1.026,510;1.003,070;1.016,850;EUR;0
17.09.2025;968,700;1.021,460;968,700;1.019,440;EUR;0
18.09.2025;977,470;1.039,530;976,980;1.023,160;EUR;0
19.09.2025;1.010,570;1.035,330;1.008,830;1.014,150;EUR;0
22.09.2025;1.043,280;1.044,270;1.012,820;1.018,120;EUR;0
23.09.2025;1.013,630;1.043,680;1.012,650;1.029,870;EUR;0
24.09.2025;992,640;1.039,870;992,640;1.012,440;EUR;0
25.09.2025;1.012,440;1.037,270;1.012,440;1.034,470;EUR;0
26.09.2025;1.033,460;1.035,690;1.032,060;1.035,210;EUR;0
29.09.2025;1.038,760;1.039,660;1.012,520;1.012,570;EUR;0
30.09.2025;1.017,850;1.039,830;1.017,850;1.029,600;EUR;0
01.10.2025;1.014,730;1.044,100;1.014,480;1.037,680;EUR;0
02.10.2025;1.031,150;1.053,320;1.021,550;1.026,980;EUR;0
03.10.2025;1.026,880;1.048,070;1.026,750;1.039,910;EUR;0
06.10.2025;1.030,440;1.050,570;1.029,480;1.048,970;EUR;0
07.10.2025;1.026,540;1.048,080;1.026,540;1.043,730;EUR;0
08.10.2025;1.014,080;1.040,870;1.014,030;1.038,160;EUR;0
09.10.2025;1.019,170;1.040,450;1.010,200;1.015,580;EUR;0
10.10.2025;989,310;1.037,080;989,260;1.023,060;EUR;0
13.10.2025;986,890;1.036,480;986,890;1.017,400;EUR;0
14.10.2025;1.013,750;1.038,510;1.011,600;1.013,100;EUR;0
15.10.2025;998,950;1.049,960;997,740;1.045,680;EUR;0
16.10.2025;1.025,770;1.052,050;1.025,720;1.046,330;EUR;0
17.10.2025;1.021,160;1.049,190;1.020,830;1.039,110;EUR;0
20.10.2025;1.049,050;1.053,210;1.044,530;1.044,530;EUR;0
21.10.2025;1.004,050;1.052,320;1.003,780;1.029,180;EUR;0
22.10.2025;1.027,360;1.052,260;1.018,310;1.019,830;EUR;0
23.10.2025;1.027,450;1.051,550;1.027,280;1.046,560;EUR;0
24.10.2025;1.006,190;1.054,710;1.006,070;1.031,280;EUR;0
27.10.2025;1.034,170;1.057,060;1.028,450;1.034,110;EUR;0
28.10.2025;1.034,260;1.056,860;1.027,620;1.032,960;EUR;0
29.10.2025;1.034,460;1.058,020;1.029,390;1.034,800;EUR;0
30.10.2025;1.035,900;1.059,800;1.031,330;1.036,740;EUR;0
31.10.2025;1.010,450;1.058,100;1.010,450;1.029,130;EUR;0
03.11.2025;1.008,670;1.057,780;1.008,670;1.048,730;EUR;0
04.11.2025;1.053,280;1.056,710;1.023,840;1.029,240;EUR;0
05.11.2025;1.051,620;1.053,430;1.048,760;1.052,840;EUR;0
06.11.2025;1.031,180;1.054,250;1.030,870;1.043,190;EUR;0
07.11.2025;1.003,850;1.051,950;1.003,850;1.038,360;EUR;0
10.11.2025;1.030,040;1.052,220;1.029,570;1.042,510;EUR;0
11.11.2025;1.030,820;1.054,600;1.023,270;1.029,750;EUR;0
12.11.2025;1.030,870;1.054,910;1.027,270;1.033,010;EUR;0
13.11.2025;1.035,440;1.058,180;1.022,620;1.029,060;EUR;0
14.11.2025;1.027,270;1.049,280;1.020,620;1.020,680;EUR;0
17.11.2025;1.002,370;1.051,490;1.002,370;1.026,080;EUR;0
18.11.2025;1.024,120;1.046,520;1.023,020;1.041,720;EUR;0
19.11.2025;1.020,460;1.048,000;1.019,650;1.021,770;EUR;0
20.11.2025;1.031,090;1.053,830;1.030,830;1.042,200;EUR;0
21.11.2025;1.015,330;1.040,690;1.002,880;1.009,080;EUR;0
24.11.2025;1.010,180;1.041,550;1.009,900;1.019,220;EUR;0
25.11.2025;1.022,890;1.045,550;1.016,690;1.023,300;EUR;0
26.11.2025;1.000,340;1.054,320;1.000,340;1.031,170;EUR;0
27.11.2025;1.052,770;1.054,390;1.047,610;1.047,650;EUR;0
28.11.2025;1.032,370;1.055,190;1.028,570;1.034,600;EUR;0
01.12.2025;1.034,600;1.060,200;1.034,000;1.039,780;EUR;0
02.12.2025;1.038,510;1.064,530;1.038,250;1.062,170;EUR;0
03.12.2025;1.044,690;1.066,600;1.044,690;1.056,570;EUR;0
04.12.2025;1.044,680;1.066,400;1.035,230;1.041,220;EUR;0
05.12.2025;1.016,250;1.065,150;1.016,250;1.061,780;EUR;0
08.12.2025;1.014,130;1.066,580;1.014,130;1.056,640;EUR;0
09.12.2025;1.043,210;1.065,120;1.043,010;1.062,160;EUR;0
10.12.2025;1.016,270;1.064,250;1.016,270;1.054,490;EUR;0
11.12.2025;1.013,130;1.064,510;1.013,130;1.037,960;EUR;0
12.12.2025;1.042,900;1.064,290;1.030,640;1.037,110;EUR;0
15.12.2025;1.038,500;1.061,420;1.037,540;1.055,900;EUR;0
16.12.2025;1.037,190;1.059,840;1.030,590;1.036,680;EUR;0
17.12.2025;1.012,040;1.061,250;1.012,040;1.020,710;EUR;0
18.12.2025;1.028,890;1.055,630;1.028,630;1.045,900;EUR;0
19.12.2025;1.033,650;1.058,480;1.031,240;1.036,500;EUR;0
22.12.2025;1.039,960;1.061,600;1.032,150;1.037,920;EUR;0
23.12.2025;1.038,370;1.061,350;1.038,050;1.061,190;EUR;0
29.12.2025;1.043,130;1.064,550;1.036,710;1.041,990;EUR;0
30.12.2025;1.015,930;1.067,450;1.015,930;1.045,340;EUR;0
02.01.2026;1.047,380;1.078,950;1.047,340;1.074,820;EUR;0
05.01.2026;1.029,860;1.081,840;1.029,860;1.075,310;EUR;0
06.01.2026;1.059,350;1.082,090;1.053,560;1.059,370;EUR;0
07.01.2026;1.059,360;1.081,150;1.053,240;1.053,360;EUR;0
08.01.2026;1.058,520;1.081,050;1.058,510;1.068,980;EUR;0
09.01.2026;1.057,370;1.083,470;1.056,910;1.062,660;EUR;0
12.01.2026;1.063,100;1.084,070;1.056,350;1.062,320;EUR;0
13.01.2026;1.062,660;1.085,610;1.056,330;1.061,860;EUR;0
14.01.2026;1.062,490;1.084,780;1.062,220;1.077,150;EUR;0
15.01.2026;1.067,130;1.089,350;1.067,070;1.086,900;EUR;0
16.01.2026;1.065,970;1.089,270;1.065,330;1.087,620;EUR;0
19.01.2026;1.064,350;1.087,160;1.063,670;1.084,450;EUR;0
20.01.2026;1.062,790;1.086,420;1.057,490;1.063,830;EUR;0
21.01.2026;1.054,270;1.088,120;1.054,270;1.079,250;EUR;0
22.01.2026;1.056,790;1.090,580;1.056,790;1.067,220;EUR;0
23.01.2026;1.066,330;1.089,700;1.061,610;1.067,270;EUR;0
26.01.2026;1.068,250;1.091,390;1.064,240;1.069,840;EUR;0
27.01.2026;1.069,690;1.093,380;1.064,880;1.065,120;EUR;0
28.01.2026;1.073,230;1.095,170;1.073,130;1.086,200;EUR;0
29.01.2026;1.071,840;1.094,320;1.071,630;1.086,410;EUR;0
30.01.2026;1.091,740;1.093,630;1.084,530;1.084,590;EUR;0
02.02.2026;1.069,140;1.093,680;1.069,140;1.088,040;EUR;0
03.02.2026;1.072,340;1.094,470;1.063,170;1.069,660;EUR;0
04.02.2026;1.059,570;1.092,210;1.059,570;1.082,800;EUR;0
05.02.2026;1.055,800;1.089,910;1.055,800;1.060,050;EUR;0
06.02.2026;1.065,970;1.091,270;1.065,810;1.085,670;EUR;0
09.02.2026;1.059,510;1.092,310;1.059,510;1.070,090;EUR;0
10.02.2026;1.069,920;1.092,710;1.069,840;1.086,440;EUR;0
11.02.2026;1.069,570;1.093,190;1.069,340;1.087,000;EUR;0
12.02.2026;1.071,160;1.093,390;1.063,870;1.069,410;EUR;0
13.02.2026;1.069,950;1.092,630;1.063,970;1.064,300;EUR;0
16.02.2026;1.070,240;1.092,780;1.070,210;1.084,180;EUR;0
17.02.2026;1.059,530;1.093,260;1.059,530;1.070,960;EUR;0
18.02.2026;1.071,350;1.094,820;1.067,240;1.067,270;EUR;0
19.02.2026;1.062,250;1.095,200;1.062,250;1.088,800;EUR;0
20.02.2026;1.072,740;1.095,220;1.072,570;1.088,680;EUR;0
23.02.2026;1.072,050;1.095,360;1.067,020;1.067,070;EUR;0
24.02.2026;1.073,560;1.095,880;1.067,350;1.067,730;EUR;0
25.02.2026;1.073,580;1.096,640;1.073,580;1.095,810;EUR;0
26.02.2026;1.096,510;1.096,520;1.093,230;1.093,880;EUR;0
27.02.2026;1.072,630;1.094,900;1.072,370;1.086,080;EUR;0
02.03.2026;1.071,050;1.095,190;1.066,370;1.072,050;EUR;0
03.03.2026;1.070,710;1.092,180;1.063,430;1.068,970;EUR;0
04.03.2026;1.069,530;1.092,440;1.064,660;1.070,200;EUR;0
05.03.2026;1.070,480;1.093,550;1.070,290;1.091,590;EUR;0
06.03.2026;1.069,510;1.091,700;1.069,390;1.082,950;EUR;0
09.03.2026;1.062,040;1.087,410;1.059,940;1.066,890;EUR;0
10.03.2026;1.069,090;1.092,350;1.069,090;1.083,330;EUR;0
11.03.2026;1.090,750;1.091,750;1.063,430;1.068,960;EUR;0
12.03.2026;1.069,300;1.091,840;1.062,420;1.067,920;EUR;0
13.03.2026;1.091,530;1.092,420;1.063,570;1.063,620;EUR;0
16.03.2026;1.070,130;1.093,430;1.065,150;1.070,790;EUR;0
17.03.2026;1.060,120;1.094,090;1.060,120;1.072,080;EUR;0
18.03.2026;1.073,700;1.095,700;1.065,730;1.071,370;EUR;0
19.03.2026;1.071,300;1.093,200;1.064,890;1.071,160;EUR;0
20.03.2026;1.072,020;1.094,600;1.062,050;1.068,910;EUR;0
23.03.2026;1.068,670;1.096,350;1.067,690;1.073,310;EUR;0
24.03.2026;1.073,700;1.096,850;1.068,600;1.074,570;EUR;0
25.03.2026;1.075,240;1.098,110;1.075,170;1.091,170;EUR;0
26.03.2026;1.074,210;1.095,930;1.065,900;1.071,560;EUR;0
27.03.2026;1.072,180;1.094,000;1.063,500;1.069,000;EUR;0
30.03.2026;1.070,100;1.093,030;1.060,800;1.066,560;EUR;0
31.03.2026;1.066,030;1.092,030;1.064,950;1.071,170;EUR;0
01.04.2026;1.073,380;1.097,310;1.068,810;1.069,150;EUR;0
02.04.2026;1.072,840;1.096,150;1.072,700;1.086,770;EUR;0
07.04.2026;1.071,800;1.095,500;1.066,770;1.073,010;EUR;0
08.04.2026;1.076,580;1.100,440;1.072,260;1.077,930;EUR;0
09.04.2026;1.077,950;1.100,460;1.077,930;1.095,090;EUR;0
10.04.2026;1.078,740;1.101,420;1.073,320;1.078,850;EUR;0
13.04.2026;1.079,070;1.101,340;1.073,640;1.079,290;EUR;0
14.04.2026;1.079,540;1.101,820;1.074,080;1.074,090;EUR;0
15.04.2026;1.079,770;1.102,530;1.079,770;1.096,370;EUR;0
16.04.2026;1.080,560;1.102,740;1.074,210;1.074,210;EUR;0
17.04.2026;1.080,200;1.102,890;1.075,120;1.075,170;EUR;0
20.04.2026;1.080,880;1.103,090;1.075,300;1.080,860;EUR;0
21.04.2026;1.081,010;1.103,240;1.075,380;1.080,930;EUR;0
22.04.2026;1.081,120;1.103,340;1.081,110;1.094,920;EUR;0
23.04.2026;1.070,190;1.103,470;1.070,190;1.094,830;EUR;0
24.04.2026;1.081,120;1.103,580;1.075,660;1.075,710;EUR;0
27.04.2026;1.081,420;1.103,720;1.075,720;1.075,750;EUR;0
28.04.2026;1.081,290;1.103,450;1.075,330;1.080,890;EUR;0
29.04.2026;1.103,430;1.103,710;1.075,890;1.081,540;EUR;0
30.04.2026;1.081,490;1.103,950;1.076,220;1.081,780;EUR;0
04.05.2026;1.082,050;1.104,270;1.082,050;1.104,070;EUR;0
05.05.2026;1.104,370;1.104,440;1.076,650;1.082,210;EUR;0
06.05.2026;1.104,550;1.104,640;1.076,860;1.082,410;EUR;0
07.05.2026;1.082,590;1.104,820;1.082,590;1.099,210;EUR;0
08.05.2026;1.082,660;1.104,900;1.077,140;1.082,700;EUR;0
11.05.2026;1.082,790;1.105,010;1.077,230;1.082,790;EUR;0
12.05.2026;1.082,870;1.105,100;1.077,230;1.082,810;EUR;0
13.05.2026;1.082,890;1.105,100;1.082,880;1.096,780;EUR;0
14.05.2026;1.083,120;1.105,400;1.077,600;1.083,170;EUR;0
15.05.2026;1.105,470;1.105,480;1.077,680;1.077,680;EUR;0
18.05.2026;1.083,340;1.105,580;1.077,740;1.083,310;EUR;0
19.05.2026;1.105,560;1.105,610;1.097,270;1.097,270;EUR;0
20.05.2026;1.083,470;1.105,700;1.083,460;1.105,700;EUR;0
21.05.2026;1.083,640;1.105,890;1.083,640;1.097,550;EUR;0
22.05.2026;1.083,730;1.105,960;1.078,160;1.083,720;EUR;0
25.05.2026;1.083,820;1.106,060;1.083,820;1.106,060;EUR;0
26.05.2026;1.083,900;1.106,140;1.078,350;1.083,910;EUR;0
27.05.2026;1.083,990;1.106,230;1.083,990;1.097,890;EUR;0
28.05.2026;1.084,210;1.106,450;1.078,590;1.084,150;EUR;0
29.05.2026;1.106,460;1.106,460;1.098,120;1.098,120;EUR;0
01.06.2026;1.106,480;1.106,510;1.100,950;1.100,950;EUR;0
02.06.2026;1.084,340;1.106,590;1.084,340;1.101,010;EUR;0
03.06.2026;1.106,620;1.106,620;1.098,280;1.098,280;EUR;0
04.06.2026;1.106,820;1.106,820;1.106,820;1.106,820;EUR;0
05.06.2026;1.084,620;1.106,880;1.084,620;1.098,540;EUR;0
08.06.2026;1.106,960;1.106,960;1.101,390;1.101,390;EUR;0
09.06.2026;1.084,760;1.107,020;1.084,760;1.101,460;EUR;0
10.06.2026;1.084,830;1.107,080;1.084,830;1.101,520;EUR;0
11.06.2026;1.085,030;1.107,290;1.085,030;1.107,280;EUR;0
12.06.2026;1.085,070;1.107,340;1.085,070;1.101,770;EUR;0
15.06.2026;1.085,160;1.107,420;1.079,580;1.085,150;EUR;0